STATION,NAME,LATITUDE,LONGITUDE,ELEVATION,DATE,PRCP,SNOW,SNWD,TMAX,TMIN,TAVG,TEMP_GRADIENT,LABEL
USC00042319,"DEATH VALLEY NATIONAL PARK, CA US",36.46263,-116.8672,-59.1,2023-01-02,0.0,0.0,0.0,61.0,48.0,54.5,13.0,0
USC00042319,"DEATH VALLEY NATIONAL PARK, CA US",36.46263,-116.8672,-59.1,2023-01-03,0.0,0.0,0.0,68.0,46.0,57.0,22.0,0
USC00042319,"DEATH VALLEY NATIONAL PARK, CA US",36.46263,-116.8672,-59.1,2023-01-04,0.0,0.0,0.0,61.0,49.0,55.0,12.0,0
USC00042319,"DEATH VALLEY NATIONAL PARK, CA US",36.46263,-116.8672,-59.1,2023-01-05,0.03,0.0,0.0,69.0,52.0,60.5,17.0,0
USC00042319,"DEATH VALLEY NATIONAL PARK, CA US",36.46263,-116.8672,-59.1,2023-01-06,0.0,0.0,0.0,68.0,44.0,56.0,24.0,0
USC00042319,"DEATH VALLEY NATIONAL PARK, CA US",36.46263,-116.8672,-59.1,2023-01-07,0.0,0.0,0.0,63.0,42.0,52.5,21.0,0
USC00042319,"DEATH VALLEY NATIONAL PARK, CA US",36.46263,-116.8672,-59.1,2023-01-08,0.0,0.0,0.0,63.0,44.0,53.5,19.0,0
USC00042319,"DEATH VALLEY NATIONAL PARK, CA US",36.46263,-116.8672,-59.1,2023-01-09,0.02,0.0,0.0,66.0,46.0,56.0,20.0,0
USC00042319,"DEATH VALLEY NATIONAL PARK, CA US",36.46263,-116.8672,-59.1,2023-01-10,0.07,0.0,0.0,69.0,52.0,60.5,17.0,0
USC00042319,"DEATH VALLEY NATIONAL PARK, CA US",36.46263,-116.8672,-59.1,2023-01-11,0.0,0.0,0.0,63.0,45.0,54.0,18.0,0
USC00042319,"DEATH VALLEY NATIONAL PARK, CA US",36.46263,-116.8672,-59.1,2023-01-12,0.0,0.0,0.0,63.0,42.0,52.5,21.0,0
USC00042319,"DEATH VALLEY NATIONAL PARK, CA US",36.46263,-116.8672,-59.1,2023-01-13,0.0,0.0,0.0,59.0,41.0,50.0,18.0,0
USC00042319,"DEATH VALLEY NATIONAL PARK, CA US",36.46263,-116.8672,-59.1,2023-01-14,0.07,0.0,0.0,55.0,42.0,48.5,13.0,0
USC00042319,"DEATH VALLEY NATIONAL PARK, CA US",36.46263,-116.8672,-59.1,2023-01-15,0.0,0.0,0.0,61.0,44.0,52.5,17.0,0
USC00042319,"DEATH VALLEY NATIONAL PARK, CA US",36.46263,-116.8672,-59.1,2023-01-16,0.0,0.0,0.0,72.0,56.0,64.0,16.0,0
USC00042319,"DEATH VALLEY NATIONAL PARK, CA US",36.46263,-116.8672,-59.1,2023-01-17,0.0,0.0,0.0,68.0,50.0,59.0,18.0,0
USC00042319,"DEATH VALLEY NATIONAL PARK, CA US",36.46263,-116.8672,-59.1,2023-01-18,0.0,0.0,0.0,66.0,48.0,57.0,18.0,0
USC00042319,"DEATH VALLEY NATIONAL PARK, CA US",36.46263,-116.8672,-59.1,2023-01-19,0.0,0.0,0.0,62.0,41.0,51.5,21.0,0
USC00042319,"DEATH VALLEY NATIONAL PARK, CA US",36.46263,-116.8672,-59.1,2023-01-20,0.0,0.0,0.0,66.0,47.0,56.5,19.0,0
USC00042319,"DEATH VALLEY NATIONAL PARK, CA US",36.46263,-116.8672,-59.1,2023-01-21,0.0,0.0,0.0,68.0,45.0,56.5,23.0,0
USC00042319,"DEATH VALLEY NATIONAL PARK, CA US",36.46263,-116.8672,-59.1,2023-01-22,0.0,0.0,0.0,69.0,35.0,52.0,34.0,0
USC00042319,"DEATH VALLEY NATIONAL PARK, CA US",36.46263,-116.8672,-59.1,2023-01-23,0.0,0.0,0.0,68.0,51.0,59.5,17.0,0
USC00042319,"DEATH VALLEY NATIONAL PARK, CA US",36.46263,-116.8672,-59.1,2023-01-24,0.0,0.0,0.0,74.0,50.0,62.0,24.0,0
USC00042319,"DEATH VALLEY NATIONAL PARK, CA US",36.46263,-116.8672,-59.1,2023-01-25,0.0,0.0,0.0,74.0,45.0,59.5,29.0,0
USC00042319,"DEATH VALLEY NATIONAL PARK, CA US",36.46263,-116.8672,-59.1,2023-01-26,0.0,0.0,0.0,73.0,54.0,63.5,19.0,0
USC00042319,"DEATH VALLEY NATIONAL PARK, CA US",36.46263,-116.8672,-59.1,2023-01-27,0.0,0.0,0.0,68.0,42.0,55.0,26.0,0
USC00042319,"DEATH VALLEY NATIONAL PARK, CA US",36.46263,-116.8672,-59.1,2023-01-28,0.0,0.0,0.0,73.0,40.0,56.5,33.0,0
USC00042319,"DEATH VALLEY NATIONAL PARK, CA US",36.46263,-116.8672,-59.1,2023-01-29,0.0,0.0,0.0,68.0,42.0,55.0,26.0,0
USC00042319,"DEATH VALLEY NATIONAL PARK, CA US",36.46263,-116.8672,-59.1,2023-01-30,0.0,0.0,0.0,64.0,48.0,56.0,16.0,0
USC00042319,"DEATH VALLEY NATIONAL PARK, CA US",36.46263,-116.8672,-59.1,2023-01-31,0.0,0.0,0.0,65.0,46.0,55.5,19.0,0
USC00042319,"DEATH VALLEY NATIONAL PARK, CA US",36.46263,-116.8672,-59.1,2023-02-01,0.0,0.0,0.0,69.0,42.0,55.5,27.0,0
USC00042319,"DEATH VALLEY NATIONAL PARK, CA US",36.46263,-116.8672,-59.1,2023-02-02,0.0,0.0,0.0,71.0,40.0,55.5,31.0,0
USC00042319,"DEATH VALLEY NATIONAL PARK, CA US",36.46263,-116.8672,-59.1,2023-02-03,0.0,0.0,0.0,70.0,41.0,55.5,29.0,0
USC00042319,"DEATH VALLEY NATIONAL PARK, CA US",36.46263,-116.8672,-59.1,2023-02-04,0.0,0.0,0.0,71.0,40.0,55.5,31.0,0
USC00042319,"DEATH VALLEY NATIONAL PARK, CA US",36.46263,-116.8672,-59.1,2023-02-05,0.0,0.0,0.0,79.0,46.0,62.5,33.0,0
USC00042319,"DEATH VALLEY NATIONAL PARK, CA US",36.46263,-116.8672,-59.1,2023-02-06,0.0,0.0,0.0,74.0,55.0,64.5,19.0,0
USC00042319,"DEATH VALLEY NATIONAL PARK, CA US",36.46263,-116.8672,-59.1,2023-02-07,0.0,0.0,0.0,72.0,55.0,63.5,17.0,0
USC00042319,"DEATH VALLEY NATIONAL PARK, CA US",36.46263,-116.8672,-59.1,2023-02-08,0.0,0.0,0.0,76.0,46.0,61.0,30.0,0
USC00042319,"DEATH VALLEY NATIONAL PARK, CA US",36.46263,-116.8672,-59.1,2023-02-09,0.0,0.0,0.0,81.0,49.0,65.0,32.0,0
USC00042319,"DEATH VALLEY NATIONAL PARK, CA US",36.46263,-116.8672,-59.1,2023-02-10,0.0,0.0,0.0,74.0,44.0,59.0,30.0,0
USC00042319,"DEATH VALLEY NATIONAL PARK, CA US",36.46263,-116.8672,-59.1,2023-02-11,0.0,0.0,0.0,77.0,45.0,61.0,32.0,0
USC00042319,"DEATH VALLEY NATIONAL PARK, CA US",36.46263,-116.8672,-59.1,2023-02-12,0.0,0.0,0.0,80.0,49.0,64.5,31.0,0
USC00042319,"DEATH VALLEY NATIONAL PARK, CA US",36.46263,-116.8672,-59.1,2023-02-13,0.0,0.0,0.0,78.0,59.0,68.5,19.0,1
USC00042319,"DEATH VALLEY NATIONAL PARK, CA US",36.46263,-116.8672,-59.1,2023-02-14,0.0,0.0,0.0,66.0,50.0,58.0,16.0,0
USC00042319,"DEATH VALLEY NATIONAL PARK, CA US",36.46263,-116.8672,-59.1,2023-02-15,0.0,0.0,0.0,68.0,45.0,56.5,23.0,0
USC00042319,"DEATH VALLEY NATIONAL PARK, CA US",36.46263,-116.8672,-59.1,2023-02-16,0.0,0.0,0.0,66.0,49.0,57.5,17.0,0
USC00042319,"DEATH VALLEY NATIONAL PARK, CA US",36.46263,-116.8672,-59.1,2023-02-17,0.0,0.0,0.0,67.0,42.0,54.5,25.0,0
USC00042319,"DEATH VALLEY NATIONAL PARK, CA US",36.46263,-116.8672,-59.1,2023-02-18,0.0,0.0,0.0,72.0,39.0,55.5,33.0,0
USC00042319,"DEATH VALLEY NATIONAL PARK, CA US",36.46263,-116.8672,-59.1,2023-02-19,0.0,0.0,0.0,76.0,43.0,59.5,33.0,0
USC00042319,"DEATH VALLEY NATIONAL PARK, CA US",36.46263,-116.8672,-59.1,2023-02-20,0.0,0.0,0.0,81.0,44.0,62.5,37.0,0
USC00042319,"DEATH VALLEY NATIONAL PARK, CA US",36.46263,-116.8672,-59.1,2023-02-21,0.0,0.0,0.0,76.0,45.0,60.5,31.0,0
USC00042319,"DEATH VALLEY NATIONAL PARK, CA US",36.46263,-116.8672,-59.1,2023-02-22,0.0,0.0,0.0,64.0,48.0,56.0,16.0,0
USC00042319,"DEATH VALLEY NATIONAL PARK, CA US",36.46263,-116.8672,-59.1,2023-02-23,0.0,0.0,0.0,64.0,44.0,54.0,20.0,0
USC00042319,"DEATH VALLEY NATIONAL PARK, CA US",36.46263,-116.8672,-59.1,2023-02-24,0.02,0.0,0.0,64.0,48.0,56.0,16.0,0
USC00042319,"DEATH VALLEY NATIONAL PARK, CA US",36.46263,-116.8672,-59.1,2023-02-25,0.47,0.0,0.0,56.0,45.0,50.5,11.0,0
USC00042319,"DEATH VALLEY NATIONAL PARK, CA US",36.46263,-116.8672,-59.1,2023-02-26,0.0,0.0,0.0,65.0,43.0,54.0,22.0,0
USC00042319,"DEATH VALLEY NATIONAL PARK, CA US",36.46263,-116.8672,-59.1,2023-02-27,0.0,0.0,0.0,71.0,49.0,60.0,22.0,0
USC00042319,"DEATH VALLEY NATIONAL PARK, CA US",36.46263,-116.8672,-59.1,2023-02-28,0.0,0.0,0.0,69.0,49.0,59.0,20.0,0
USC00042319,"DEATH VALLEY NATIONAL PARK, CA US",36.46263,-116.8672,-59.1,2023-03-01,0.07,0.0,0.0,62.0,45.0,53.5,17.0,0
USC00042319,"DEATH VALLEY NATIONAL PARK, CA US",36.46263,-116.8672,-59.1,2023-03-02,0.0,0.0,0.0,67.0,50.0,58.5,17.0,0
USC00042319,"DEATH VALLEY NATIONAL PARK, CA US",36.46263,-116.8672,-59.1,2023-03-03,0.0,0.0,0.0,74.0,42.0,58.0,32.0,0
USC00042319,"DEATH VALLEY NATIONAL PARK, CA US",36.46263,-116.8672,-59.1,2023-03-04,0.0,0.0,0.0,76.0,45.0,60.5,31.0,0
USC00042319,"DEATH VALLEY NATIONAL PARK, CA US",36.46263,-116.8672,-59.1,2023-03-05,0.0,0.0,0.0,74.0,56.0,65.0,18.0,0
USC00042319,"DEATH VALLEY NATIONAL PARK, CA US",36.46263,-116.8672,-59.1,2023-03-06,0.0,0.0,0.0,69.0,52.0,60.5,17.0,0
USC00042319,"DEATH VALLEY NATIONAL PARK, CA US",36.46263,-116.8672,-59.1,2023-03-07,0.0,0.0,0.0,71.0,46.0,58.5,25.0,0
USC00042319,"DEATH VALLEY NATIONAL PARK, CA US",36.46263,-116.8672,-59.1,2023-03-08,0.0,0.0,0.0,69.0,46.0,57.5,23.0,0
USC00042319,"DEATH VALLEY NATIONAL PARK, CA US",36.46263,-116.8672,-59.1,2023-03-09,0.0,0.0,0.0,77.0,47.0,62.0,30.0,0
USC00042319,"DEATH VALLEY NATIONAL PARK, CA US",36.46263,-116.8672,-59.1,2023-03-10,0.01,0.0,0.0,78.0,61.0,69.5,17.0,0
USC00042319,"DEATH VALLEY NATIONAL PARK, CA US",36.46263,-116.8672,-59.1,2023-03-11,0.0,0.0,0.0,87.0,59.0,73.0,28.0,0
USC00042319,"DEATH VALLEY NATIONAL PARK, CA US",36.46263,-116.8672,-59.1,2023-03-12,0.0,0.0,0.0,85.0,63.0,74.0,22.0,0
USC00042319,"DEATH VALLEY NATIONAL PARK, CA US",36.46263,-116.8672,-59.1,2023-03-13,0.0,0.0,0.0,85.0,60.0,72.5,25.0,0
USC00042319,"DEATH VALLEY NATIONAL PARK, CA US",36.46263,-116.8672,-59.1,2023-03-14,0.0,0.0,0.0,73.0,66.0,69.5,7.0,0
USC00042319,"DEATH VALLEY NATIONAL PARK, CA US",36.46263,-116.8672,-59.1,2023-03-15,0.0,0.0,0.0,79.0,62.0,70.5,17.0,0
USC00042319,"DEATH VALLEY NATIONAL PARK, CA US",36.46263,-116.8672,-59.1,2023-03-16,0.0,0.0,0.0,76.0,58.0,67.0,18.0,0
USC00042319,"DEATH VALLEY NATIONAL PARK, CA US",36.46263,-116.8672,-59.1,2023-03-17,0.0,0.0,0.0,77.0,54.0,65.5,23.0,0
USC00042319,"DEATH VALLEY NATIONAL PARK, CA US",36.46263,-116.8672,-59.1,2023-03-18,0.0,0.0,0.0,79.0,57.0,68.0,22.0,0
USC00042319,"DEATH VALLEY NATIONAL PARK, CA US",36.46263,-116.8672,-59.1,2023-03-19,0.0,0.0,0.0,72.0,59.0,65.5,13.0,0
USC00042319,"DEATH VALLEY NATIONAL PARK, CA US",36.46263,-116.8672,-59.1,2023-03-20,0.0,0.0,0.0,79.0,55.0,67.0,24.0,0
USC00042319,"DEATH VALLEY NATIONAL PARK, CA US",36.46263,-116.8672,-59.1,2023-03-21,0.09,0.0,0.0,68.0,56.0,62.0,12.0,0
USC00042319,"DEATH VALLEY NATIONAL PARK, CA US",36.46263,-116.8672,-59.1,2023-03-22,0.0,0.0,0.0,72.0,54.0,63.0,18.0,0
USC00042319,"DEATH VALLEY NATIONAL PARK, CA US",36.46263,-116.8672,-59.1,2023-03-23,0.0,0.0,0.0,72.0,53.0,62.5,19.0,0
USC00042319,"DEATH VALLEY NATIONAL PARK, CA US",36.46263,-116.8672,-59.1,2023-03-24,0.01,0.0,0.0,77.0,51.0,64.0,26.0,0
USC00042319,"DEATH VALLEY NATIONAL PARK, CA US",36.46263,-116.8672,-59.1,2023-03-25,0.0,0.0,0.0,72.0,58.0,65.0,14.0,0
USC00042319,"DEATH VALLEY NATIONAL PARK, CA US",36.46263,-116.8672,-59.1,2023-03-26,0.0,0.0,0.0,73.0,51.0,62.0,22.0,0
USC00042319,"DEATH VALLEY NATIONAL PARK, CA US",36.46263,-116.8672,-59.1,2023-03-27,0.0,0.0,0.0,73.0,53.0,63.0,20.0,0
USC00042319,"DEATH VALLEY NATIONAL PARK, CA US",36.46263,-116.8672,-59.1,2023-03-28,0.0,0.0,0.0,82.0,46.0,64.0,36.0,0
USC00042319,"DEATH VALLEY NATIONAL PARK, CA US",36.46263,-116.8672,-59.1,2023-03-29,0.0,0.0,0.0,75.0,60.0,67.5,15.0,0
USC00042319,"DEATH VALLEY NATIONAL PARK, CA US",36.46263,-116.8672,-59.1,2023-03-30,0.0,0.0,0.0,69.0,53.0,61.0,16.0,0
USC00042319,"DEATH VALLEY NATIONAL PARK, CA US",36.46263,-116.8672,-59.1,2023-03-31,0.0,0.0,0.0,76.0,52.0,64.0,24.0,0
USC00042319,"DEATH VALLEY NATIONAL PARK, CA US",36.46263,-116.8672,-59.1,2023-04-01,0.0,0.0,0.0,84.0,48.0,66.0,36.0,0
USC00042319,"DEATH VALLEY NATIONAL PARK, CA US",36.46263,-116.8672,-59.1,2023-04-02,0.0,0.0,0.0,87.0,60.0,73.5,27.0,1
USC00042319,"DEATH VALLEY NATIONAL PARK, CA US",36.46263,-116.8672,-59.1,2023-04-03,0.0,0.0,0.0,72.0,53.0,62.5,19.0,0
USC00042319,"DEATH VALLEY NATIONAL PARK, CA US",36.46263,-116.8672,-59.1,2023-04-04,0.0,0.0,0.0,72.0,48.0,60.0,24.0,0
USC00042319,"DEATH VALLEY NATIONAL PARK, CA US",36.46263,-116.8672,-59.1,2023-04-05,0.0,0.0,0.0,75.0,49.0,62.0,26.0,0
USC00042319,"DEATH VALLEY NATIONAL PARK, CA US",36.46263,-116.8672,-59.1,2023-04-06,0.0,0.0,0.0,81.0,46.0,63.5,35.0,0
USC00042319,"DEATH VALLEY NATIONAL PARK, CA US",36.46263,-116.8672,-59.1,2023-04-07,0.0,0.0,0.0,87.0,56.0,71.5,31.0,0
USC00042319,"DEATH VALLEY NATIONAL PARK, CA US",36.46263,-116.8672,-59.1,2023-04-08,0.0,0.0,0.0,88.0,61.0,74.5,27.0,0
USC00042319,"DEATH VALLEY NATIONAL PARK, CA US",36.46263,-116.8672,-59.1,2023-04-09,0.0,0.0,0.0,99.0,59.0,79.0,40.0,0
USC00042319,"DEATH VALLEY NATIONAL PARK, CA US",36.46263,-116.8672,-59.1,2023-04-10,0.0,0.0,0.0,101.0,64.0,82.5,37.0,0
USC00042319,"DEATH VALLEY NATIONAL PARK, CA US",36.46263,-116.8672,-59.1,2023-04-11,0.0,0.0,0.0,101.0,73.0,87.0,28.0,0
USC00042319,"DEATH VALLEY NATIONAL PARK, CA US",36.46263,-116.8672,-59.1,2023-04-12,0.0,0.0,0.0,95.0,78.0,86.5,17.0,0
USC00042319,"DEATH VALLEY NATIONAL PARK, CA US",36.46263,-116.8672,-59.1,2023-04-13,0.0,0.0,0.0,85.0,69.0,77.0,16.0,0
USC00042319,"DEATH VALLEY NATIONAL PARK, CA US",36.46263,-116.8672,-59.1,2023-04-14,0.0,0.0,0.0,87.0,61.0,74.0,26.0,0
USC00042319,"DEATH VALLEY NATIONAL PARK, CA US",36.46263,-116.8672,-59.1,2023-04-15,0.0,0.0,0.0,92.0,61.0,76.5,31.0,0
USC00042319,"DEATH VALLEY NATIONAL PARK, CA US",36.46263,-116.8672,-59.1,2023-04-16,0.0,0.0,0.0,98.0,61.0,79.5,37.0,0
USC00042319,"DEATH VALLEY NATIONAL PARK, CA US",36.46263,-116.8672,-59.1,2023-04-17,0.0,0.0,0.0,96.0,73.0,84.5,23.0,0
USC00042319,"DEATH VALLEY NATIONAL PARK, CA US",36.46263,-116.8672,-59.1,2023-04-18,0.0,0.0,0.0,90.0,69.0,79.5,21.0,0
USC00042319,"DEATH VALLEY NATIONAL PARK, CA US",36.46263,-116.8672,-59.1,2023-04-19,0.0,0.0,0.0,82.0,60.0,71.0,22.0,0
USC00042319,"DEATH VALLEY NATIONAL PARK, CA US",36.46263,-116.8672,-59.1,2023-04-20,0.0,0.0,0.0,90.0,63.0,76.5,27.0,0
USC00042319,"DEATH VALLEY NATIONAL PARK, CA US",36.46263,-116.8672,-59.1,2023-04-21,0.0,0.0,0.0,99.0,65.0,82.0,34.0,0
USC00042319,"DEATH VALLEY NATIONAL PARK, CA US",36.46263,-116.8672,-59.1,2023-04-22,0.0,0.0,0.0,97.0,79.0,88.0,18.0,0
USC00042319,"DEATH VALLEY NATIONAL PARK, CA US",36.46263,-116.8672,-59.1,2023-04-23,0.0,0.0,0.0,101.0,75.0,88.0,26.0,0
USC00042319,"DEATH VALLEY NATIONAL PARK, CA US",36.46263,-116.8672,-59.1,2023-04-24,0.0,0.0,0.0,101.0,75.0,88.0,26.0,0
USC00042319,"DEATH VALLEY NATIONAL PARK, CA US",36.46263,-116.8672,-59.1,2023-04-25,0.0,0.0,0.0,98.0,76.0,87.0,22.0,0
USC00042319,"DEATH VALLEY NATIONAL PARK, CA US",36.46263,-116.8672,-59.1,2023-04-26,0.0,0.0,0.0,98.0,76.0,87.0,22.0,0
USC00042319,"DEATH VALLEY NATIONAL PARK, CA US",36.46263,-116.8672,-59.1,2023-04-27,0.0,0.0,0.0,106.0,66.0,86.0,40.0,0
USC00042319,"DEATH VALLEY NATIONAL PARK, CA US",36.46263,-116.8672,-59.1,2023-04-28,0.0,0.0,0.0,107.0,75.0,91.0,32.0,0
USC00042319,"DEATH VALLEY NATIONAL PARK, CA US",36.46263,-116.8672,-59.1,2023-04-29,0.0,0.0,0.0,109.0,73.0,91.0,36.0,0
USC00042319,"DEATH VALLEY NATIONAL PARK, CA US",36.46263,-116.8672,-59.1,2023-04-30,0.0,0.0,0.0,107.0,76.0,91.5,31.0,0
USC00042319,"DEATH VALLEY NATIONAL PARK, CA US",36.46263,-116.8672,-59.1,2023-05-01,0.0,0.0,0.0,95.0,71.0,83.0,24.0,0
USC00042319,"DEATH VALLEY NATIONAL PARK, CA US",36.46263,-116.8672,-59.1,2023-05-02,0.0,0.0,0.0,85.0,63.0,74.0,22.0,0
USC00042319,"DEATH VALLEY NATIONAL PARK, CA US",36.46263,-116.8672,-59.1,2023-05-03,0.0,0.0,0.0,86.0,63.0,74.5,23.0,0
USC00042319,"DEATH VALLEY NATIONAL PARK, CA US",36.46263,-116.8672,-59.1,2023-05-04,0.0,0.0,0.0,80.0,64.0,72.0,16.0,0
USC00042319,"DEATH VALLEY NATIONAL PARK, CA US",36.46263,-116.8672,-59.1,2023-05-05,0.0,0.0,0.0,85.0,60.0,72.5,25.0,0
USC00042319,"DEATH VALLEY NATIONAL PARK, CA US",36.46263,-116.8672,-59.1,2023-05-06,0.0,0.0,0.0,87.0,66.0,76.5,21.0,0
USC00042319,"DEATH VALLEY NATIONAL PARK, CA US",36.46263,-116.8672,-59.1,2023-05-07,0.0,0.0,0.0,90.0,66.0,78.0,24.0,0
USC00042319,"DEATH VALLEY NATIONAL PARK, CA US",36.46263,-116.8672,-59.1,2023-05-08,0.0,0.0,0.0,94.0,70.0,82.0,24.0,0
USC00042319,"DEATH VALLEY NATIONAL PARK, CA US",36.46263,-116.8672,-59.1,2023-05-09,0.0,0.0,0.0,94.0,69.0,81.5,25.0,0
USC00042319,"DEATH VALLEY NATIONAL PARK, CA US",36.46263,-116.8672,-59.1,2023-05-10,0.0,0.0,0.0,95.0,69.0,82.0,26.0,0
USC00042319,"DEATH VALLEY NATIONAL PARK, CA US",36.46263,-116.8672,-59.1,2023-05-11,0.0,0.0,0.0,93.0,72.0,82.5,21.0,0
USC00042319,"DEATH VALLEY NATIONAL PARK, CA US",36.46263,-116.8672,-59.1,2023-05-12,0.0,0.0,0.0,104.0,73.0,88.5,31.0,0
USC00042319,"DEATH VALLEY NATIONAL PARK, CA US",36.46263,-116.8672,-59.1,2023-05-13,0.0,0.0,0.0,105.0,85.0,95.0,20.0,0
USC00042319,"DEATH VALLEY NATIONAL PARK, CA US",36.46263,-116.8672,-59.1,2023-05-14,0.0,0.0,0.0,106.0,83.0,94.5,23.0,0
USC00042319,"DEATH VALLEY NATIONAL PARK, CA US",36.46263,-116.8672,-59.1,2023-05-15,0.0,0.0,0.0,111.0,78.0,94.5,33.0,0
USC00042319,"DEATH VALLEY NATIONAL PARK, CA US",36.46263,-116.8672,-59.1,2023-05-16,0.0,0.0,0.0,109.0,81.0,95.0,28.0,0
USC00042319,"DEATH VALLEY NATIONAL PARK, CA US",36.46263,-116.8672,-59.1,2023-05-17,0.0,0.0,0.0,111.0,86.0,98.5,25.0,0
USC00042319,"DEATH VALLEY NATIONAL PARK, CA US",36.46263,-116.8672,-59.1,2023-05-18,0.0,0.0,0.0,113.0,84.0,98.5,29.0,0
USC00042319,"DEATH VALLEY NATIONAL PARK, CA US",36.46263,-116.8672,-59.1,2023-05-19,0.0,0.0,0.0,113.0,85.0,99.0,28.0,0
USC00042319,"DEATH VALLEY NATIONAL PARK, CA US",36.46263,-116.8672,-59.1,2023-05-20,0.02,0.0,0.0,110.0,80.0,95.0,30.0,0
USC00042319,"DEATH VALLEY NATIONAL PARK, CA US",36.46263,-116.8672,-59.1,2023-05-21,0.0,0.0,0.0,106.0,78.0,92.0,28.0,0
USC00042319,"DEATH VALLEY NATIONAL PARK, CA US",36.46263,-116.8672,-59.1,2023-05-22,0.0,0.0,0.0,107.0,83.0,95.0,24.0,0
USC00042319,"DEATH VALLEY NATIONAL PARK, CA US",36.46263,-116.8672,-59.1,2023-05-23,0.0,0.0,0.0,108.0,87.0,97.5,21.0,0
USC00042319,"DEATH VALLEY NATIONAL PARK, CA US",36.46263,-116.8672,-59.1,2023-05-24,0.0,0.0,0.0,103.0,83.0,93.0,20.0,0
USC00042319,"DEATH VALLEY NATIONAL PARK, CA US",36.46263,-116.8672,-59.1,2023-05-25,0.0,0.0,0.0,101.0,78.0,89.5,23.0,0
USC00042319,"DEATH VALLEY NATIONAL PARK, CA US",36.46263,-116.8672,-59.1,2023-05-26,0.0,0.0,0.0,99.0,77.0,88.0,22.0,0
USC00042319,"DEATH VALLEY NATIONAL PARK, CA US",36.46263,-116.8672,-59.1,2023-05-27,0.0,0.0,0.0,103.0,75.0,89.0,28.0,0
USC00042319,"DEATH VALLEY NATIONAL PARK, CA US",36.46263,-116.8672,-59.1,2023-05-28,0.0,0.0,0.0,105.0,84.0,94.5,21.0,0
USC00042319,"DEATH VALLEY NATIONAL PARK, CA US",36.46263,-116.8672,-59.1,2023-05-29,0.0,0.0,0.0,101.0,81.0,91.0,20.0,0
USC00042319,"DEATH VALLEY NATIONAL PARK, CA US",36.46263,-116.8672,-59.1,2023-05-30,0.0,0.0,0.0,100.0,80.0,90.0,20.0,0
USC00042319,"DEATH VALLEY NATIONAL PARK, CA US",36.46263,-116.8672,-59.1,2023-05-31,0.0,0.0,0.0,102.0,76.0,89.0,26.0,0
USC00042319,"DEATH VALLEY NATIONAL PARK, CA US",36.46263,-116.8672,-59.1,2023-06-01,0.0,0.0,0.0,103.0,80.0,91.5,23.0,0
USC00042319,"DEATH VALLEY NATIONAL PARK, CA US",36.46263,-116.8672,-59.1,2023-06-02,0.0,0.0,0.0,106.0,80.0,93.0,26.0,0
USC00042319,"DEATH VALLEY NATIONAL PARK, CA US",36.46263,-116.8672,-59.1,2023-06-03,0.0,0.0,0.0,109.0,81.0,95.0,28.0,0
USC00042319,"DEATH VALLEY NATIONAL PARK, CA US",36.46263,-116.8672,-59.1,2023-06-04,0.0,0.0,0.0,112.0,83.0,97.5,29.0,0
USC00042319,"DEATH VALLEY NATIONAL PARK, CA US",36.46263,-116.8672,-59.1,2023-06-05,0.01,0.0,0.0,108.0,84.0,96.0,24.0,0
USC00042319,"DEATH VALLEY NATIONAL PARK, CA US",36.46263,-116.8672,-59.1,2023-06-06,0.0,0.0,0.0,100.0,78.0,89.0,22.0,1
USC00042319,"DEATH VALLEY NATIONAL PARK, CA US",36.46263,-116.8672,-59.1,2023-06-07,0.08,0.0,0.0,88.0,67.0,77.5,21.0,0
USC00042319,"DEATH VALLEY NATIONAL PARK, CA US",36.46263,-116.8672,-59.1,2023-06-08,0.0,0.0,0.0,100.0,70.0,85.0,30.0,0
USC00042319,"DEATH VALLEY NATIONAL PARK, CA US",36.46263,-116.8672,-59.1,2023-06-09,0.0,0.0,0.0,103.0,81.0,92.0,22.0,0
USC00042319,"DEATH VALLEY NATIONAL PARK, CA US",36.46263,-116.8672,-59.1,2023-06-10,0.0,0.0,0.0,104.0,85.0,94.5,19.0,0
USC00042319,"DEATH VALLEY NATIONAL PARK, CA US",36.46263,-116.8672,-59.1,2023-06-11,0.04,0.0,0.0,101.0,79.0,90.0,22.0,0
USC00042319,"DEATH VALLEY NATIONAL PARK, CA US",36.46263,-116.8672,-59.1,2023-06-12,0.0,0.0,0.0,99.0,75.0,87.0,24.0,0
USC00042319,"DEATH VALLEY NATIONAL PARK, CA US",36.46263,-116.8672,-59.1,2023-06-13,0.0,0.0,0.0,105.0,78.0,91.5,27.0,0
USC00042319,"DEATH VALLEY NATIONAL PARK, CA US",36.46263,-116.8672,-59.1,2023-06-14,0.0,0.0,0.0,106.0,83.0,94.5,23.0,0
USC00042319,"DEATH VALLEY NATIONAL PARK, CA US",36.46263,-116.8672,-59.1,2023-06-15,0.0,0.0,0.0,111.0,84.0,97.5,27.0,0
USC00042319,"DEATH VALLEY NATIONAL PARK, CA US",36.46263,-116.8672,-59.1,2023-06-16,0.0,0.0,0.0,105.0,80.0,92.5,25.0,0
USC00042319,"DEATH VALLEY NATIONAL PARK, CA US",36.46263,-116.8672,-59.1,2023-06-17,0.0,0.0,0.0,112.0,86.0,99.0,26.0,0
USC00042319,"DEATH VALLEY NATIONAL PARK, CA US",36.46263,-116.8672,-59.1,2023-06-18,0.0,0.0,0.0,113.0,90.0,101.5,23.0,0
USC00042319,"DEATH VALLEY NATIONAL PARK, CA US",36.46263,-116.8672,-59.1,2023-06-19,0.0,0.0,0.0,104.0,86.0,95.0,18.0,0
USC00042319,"DEATH VALLEY NATIONAL PARK, CA US",36.46263,-116.8672,-59.1,2023-06-20,0.0,0.0,0.0,101.0,75.0,88.0,26.0,0
USC00042319,"DEATH VALLEY NATIONAL PARK, CA US",36.46263,-116.8672,-59.1,2023-06-21,0.0,0.0,0.0,102.0,77.0,89.5,25.0,0
USC00042319,"DEATH VALLEY NATIONAL PARK, CA US",36.46263,-116.8672,-59.1,2023-06-22,0.0,0.0,0.0,103.0,81.0,92.0,22.0,0
USC00042319,"DEATH VALLEY NATIONAL PARK, CA US",36.46263,-116.8672,-59.1,2023-06-23,0.0,0.0,0.0,99.0,76.0,87.5,23.0,0
USC00042319,"DEATH VALLEY NATIONAL PARK, CA US",36.46263,-116.8672,-59.1,2023-06-24,0.0,0.0,0.0,106.0,79.0,92.5,27.0,0
USC00042319,"DEATH VALLEY NATIONAL PARK, CA US",36.46263,-116.8672,-59.1,2023-06-25,0.0,0.0,0.0,107.0,83.0,95.0,24.0,0
USC00042319,"DEATH VALLEY NATIONAL PARK, CA US",36.46263,-116.8672,-59.1,2023-06-26,0.0,0.0,0.0,105.0,83.0,94.0,22.0,0
USC00042319,"DEATH VALLEY NATIONAL PARK, CA US",36.46263,-116.8672,-59.1,2023-06-27,0.0,0.0,0.0,109.0,83.0,96.0,26.0,0
USC00042319,"DEATH VALLEY NATIONAL PARK, CA US",36.46263,-116.8672,-59.1,2023-06-28,0.0,0.0,0.0,108.0,86.0,97.0,22.0,0
USC00042319,"DEATH VALLEY NATIONAL PARK, CA US",36.46263,-116.8672,-59.1,2023-06-29,0.0,0.0,0.0,114.0,88.0,101.0,26.0,0
USC00042319,"DEATH VALLEY NATIONAL PARK, CA US",36.46263,-116.8672,-59.1,2023-06-30,0.0,0.0,0.0,118.0,90.0,104.0,28.0,0
USC00042319,"DEATH VALLEY NATIONAL PARK, CA US",36.46263,-116.8672,-59.1,2023-07-01,0.0,0.0,0.0,121.0,91.0,106.0,30.0,0
USC00042319,"DEATH VALLEY NATIONAL PARK, CA US",36.46263,-116.8672,-59.1,2023-07-02,0.0,0.0,0.0,126.0,88.0,107.0,38.0,0
USC00042319,"DEATH VALLEY NATIONAL PARK, CA US",36.46263,-116.8672,-59.1,2023-07-03,0.0,0.0,0.0,122.0,98.0,110.0,24.0,0
USC00042319,"DEATH VALLEY NATIONAL PARK, CA US",36.46263,-116.8672,-59.1,2023-07-04,0.0,0.0,0.0,114.0,92.0,103.0,22.0,0
USC00042319,"DEATH VALLEY NATIONAL PARK, CA US",36.46263,-116.8672,-59.1,2023-07-05,0.0,0.0,0.0,115.0,90.0,102.5,25.0,0
USC00042319,"DEATH VALLEY NATIONAL PARK, CA US",36.46263,-116.8672,-59.1,2023-07-06,0.0,0.0,0.0,114.0,92.0,103.0,22.0,0
USC00042319,"DEATH VALLEY NATIONAL PARK, CA US",36.46263,-116.8672,-59.1,2023-07-07,0.0,0.0,0.0,112.0,89.0,100.5,23.0,0
USC00042319,"DEATH VALLEY NATIONAL PARK, CA US",36.46263,-116.8672,-59.1,2023-07-08,0.0,0.0,0.0,114.0,90.0,102.0,24.0,0
USC00042319,"DEATH VALLEY NATIONAL PARK, CA US",36.46263,-116.8672,-59.1,2023-07-09,0.0,0.0,0.0,112.0,91.0,101.5,21.0,0
USC00042319,"DEATH VALLEY NATIONAL PARK, CA US",36.46263,-116.8672,-59.1,2023-07-10,0.0,0.0,0.0,113.0,89.0,101.0,24.0,0
USC00042319,"DEATH VALLEY NATIONAL PARK, CA US",36.46263,-116.8672,-59.1,2023-07-11,0.0,0.0,0.0,118.0,92.0,105.0,26.0,0
USC00042319,"DEATH VALLEY NATIONAL PARK, CA US",36.46263,-116.8672,-59.1,2023-07-12,0.0,0.0,0.0,118.0,93.0,105.5,25.0,0
USC00042319,"DEATH VALLEY NATIONAL PARK, CA US",36.46263,-116.8672,-59.1,2023-07-13,0.0,0.0,0.0,116.0,91.0,103.5,25.0,0
USC00042319,"DEATH VALLEY NATIONAL PARK, CA US",36.46263,-116.8672,-59.1,2023-07-14,0.0,0.0,0.0,124.0,90.0,107.0,34.0,0
USC00042319,"DEATH VALLEY NATIONAL PARK, CA US",36.46263,-116.8672,-59.1,2023-07-15,0.0,0.0,0.0,126.0,90.0,108.0,36.0,0
USC00042319,"DEATH VALLEY NATIONAL PARK, CA US",36.46263,-116.8672,-59.1,2023-07-16,0.0,0.0,0.0,128.0,91.0,109.5,37.0,0
USC00042319,"DEATH VALLEY NATIONAL PARK, CA US",36.46263,-116.8672,-59.1,2023-07-17,0.0,0.0,0.0,126.0,103.0,114.5,23.0,0
USC00042319,"DEATH VALLEY NATIONAL PARK, CA US",36.46263,-116.8672,-59.1,2023-07-18,0.0,0.0,0.0,121.0,101.0,111.0,20.0,0
USC00042319,"DEATH VALLEY NATIONAL PARK, CA US",36.46263,-116.8672,-59.1,2023-07-19,0.0,0.0,0.0,121.0,99.0,110.0,22.0,0
USC00042319,"DEATH VALLEY NATIONAL PARK, CA US",36.46263,-116.8672,-59.1,2023-07-20,0.0,0.0,0.0,123.0,97.0,110.0,26.0,0
USC00042319,"DEATH VALLEY NATIONAL PARK, CA US",36.46263,-116.8672,-59.1,2023-07-21,0.0,0.0,0.0,124.0,97.0,110.5,27.0,0
USC00042319,"DEATH VALLEY NATIONAL PARK, CA US",36.46263,-116.8672,-59.1,2023-07-22,0.0,0.0,0.0,126.0,96.0,111.0,30.0,0
USC00042319,"DEATH VALLEY NATIONAL PARK, CA US",36.46263,-116.8672,-59.1,2023-07-23,0.0,0.0,0.0,123.0,102.0,112.5,21.0,0
USC00042319,"DEATH VALLEY NATIONAL PARK, CA US",36.46263,-116.8672,-59.1,2023-07-24,0.0,0.0,0.0,122.0,100.0,111.0,22.0,0
USC00042319,"DEATH VALLEY NATIONAL PARK, CA US",36.46263,-116.8672,-59.1,2023-07-25,0.0,0.0,0.0,123.0,99.0,111.0,24.0,0
USC00042319,"DEATH VALLEY NATIONAL PARK, CA US",36.46263,-116.8672,-59.1,2023-07-26,0.0,0.0,0.0,121.0,99.0,110.0,22.0,0
USC00042319,"DEATH VALLEY NATIONAL PARK, CA US",36.46263,-116.8672,-59.1,2023-07-27,0.0,0.0,0.0,125.0,97.0,111.0,28.0,0
USC00042319,"DEATH VALLEY NATIONAL PARK, CA US",36.46263,-116.8672,-59.1,2023-07-28,0.0,0.0,0.0,123.0,97.0,110.0,26.0,0
USC00042319,"DEATH VALLEY NATIONAL PARK, CA US",36.46263,-116.8672,-59.1,2023-07-29,0.0,0.0,0.0,123.0,95.0,109.0,28.0,0
USC00042319,"DEATH VALLEY NATIONAL PARK, CA US",36.46263,-116.8672,-59.1,2023-07-30,0.0,0.0,0.0,122.0,99.0,110.5,23.0,0
USC00042319,"DEATH VALLEY NATIONAL PARK, CA US",36.46263,-116.8672,-59.1,2023-07-31,0.0,0.0,0.0,117.0,100.0,108.5,17.0,0
USC00042319,"DEATH VALLEY NATIONAL PARK, CA US",36.46263,-116.8672,-59.1,2023-08-01,0.0,0.0,0.0,114.0,96.0,105.0,18.0,0
USC00042319,"DEATH VALLEY NATIONAL PARK, CA US",36.46263,-116.8672,-59.1,2023-08-02,0.0,0.0,0.0,118.0,96.0,107.0,22.0,0
USC00042319,"DEATH VALLEY NATIONAL PARK, CA US",36.46263,-116.8672,-59.1,2023-08-03,0.0,0.0,0.0,114.0,90.0,102.0,24.0,0
USC00042319,"DEATH VALLEY NATIONAL PARK, CA US",36.46263,-116.8672,-59.1,2023-08-04,0.0,0.0,0.0,114.0,83.0,98.5,31.0,0
USC00042319,"DEATH VALLEY NATIONAL PARK, CA US",36.46263,-116.8672,-59.1,2023-08-05,0.0,0.0,0.0,120.0,82.0,101.0,38.0,0
USC00042319,"DEATH VALLEY NATIONAL PARK, CA US",36.46263,-116.8672,-59.1,2023-08-06,0.0,0.0,0.0,117.0,87.0,102.0,30.0,0
USC00042319,"DEATH VALLEY NATIONAL PARK, CA US",36.46263,-116.8672,-59.1,2023-08-07,0.0,0.0,0.0,117.0,92.0,104.5,25.0,0
USC00042319,"DEATH VALLEY NATIONAL PARK, CA US",36.46263,-116.8672,-59.1,2023-08-08,0.0,0.0,0.0,114.0,90.0,102.0,24.0,0
USC00042319,"DEATH VALLEY NATIONAL PARK, CA US",36.46263,-116.8672,-59.1,2023-08-09,0.01,0.0,0.0,113.0,92.0,102.5,21.0,0
USC00042319,"DEATH VALLEY NATIONAL PARK, CA US",36.46263,-116.8672,-59.1,2023-08-10,0.0,0.0,0.0,107.0,90.0,98.5,17.0,0
USC00042319,"DEATH VALLEY NATIONAL PARK, CA US",36.46263,-116.8672,-59.1,2023-08-11,0.0,0.0,0.0,111.0,90.0,100.5,21.0,0
USC00042319,"DEATH VALLEY NATIONAL PARK, CA US",36.46263,-116.8672,-59.1,2023-08-12,0.0,0.0,0.0,115.0,93.0,104.0,22.0,0
USC00042319,"DEATH VALLEY NATIONAL PARK, CA US",36.46263,-116.8672,-59.1,2023-08-13,0.03,0.0,0.0,116.0,89.0,102.5,27.0,0
USC00042319,"DEATH VALLEY NATIONAL PARK, CA US",36.46263,-116.8672,-59.1,2023-08-14,0.0,0.0,0.0,116.0,88.0,102.0,28.0,0
USC00042319,"DEATH VALLEY NATIONAL PARK, CA US",36.46263,-116.8672,-59.1,2023-08-15,0.0,0.0,0.0,119.0,91.0,105.0,28.0,0
USC00042319,"DEATH VALLEY NATIONAL PARK, CA US",36.46263,-116.8672,-59.1,2023-08-16,0.0,0.0,0.0,117.0,93.0,105.0,24.0,0
USC00042319,"DEATH VALLEY NATIONAL PARK, CA US",36.46263,-116.8672,-59.1,2023-08-17,0.0,0.0,0.0,118.0,95.0,106.5,23.0,0
USC00042319,"DEATH VALLEY NATIONAL PARK, CA US",36.46263,-116.8672,-59.1,2023-08-18,0.0,0.0,0.0,115.0,91.0,103.0,24.0,1
USC00042319,"DEATH VALLEY NATIONAL PARK, CA US",36.46263,-116.8672,-59.1,2023-08-19,0.02,0.0,0.0,100.0,82.0,91.0,18.0,1
USC00042319,"DEATH VALLEY NATIONAL PARK, CA US",36.46263,-116.8672,-59.1,2023-08-20,2.2,0.0,0.0,82.0,71.0,76.5,11.0,0
USC00042319,"DEATH VALLEY NATIONAL PARK, CA US",36.46263,-116.8672,-59.1,2023-08-23,0.0,0.0,0.0,108.0,78.0,93.0,30.0,0
USC00042319,"DEATH VALLEY NATIONAL PARK, CA US",36.46263,-116.8672,-59.1,2023-08-24,0.0,0.0,0.0,110.0,83.0,96.5,27.0,0
USC00042319,"DEATH VALLEY NATIONAL PARK, CA US",36.46263,-116.8672,-59.1,2023-08-25,0.0,0.0,0.0,112.0,88.0,100.0,24.0,0
USC00042319,"DEATH VALLEY NATIONAL PARK, CA US",36.46263,-116.8672,-59.1,2023-08-26,0.0,0.0,0.0,113.0,81.0,97.0,32.0,0
USC00042319,"DEATH VALLEY NATIONAL PARK, CA US",36.46263,-116.8672,-59.1,2023-08-27,0.0,0.0,0.0,112.0,82.0,97.0,30.0,0
USC00042319,"DEATH VALLEY NATIONAL PARK, CA US",36.46263,-116.8672,-59.1,2023-08-28,0.0,0.0,0.0,115.0,81.0,98.0,34.0,0
USC00042319,"DEATH VALLEY NATIONAL PARK, CA US",36.46263,-116.8672,-59.1,2023-08-29,0.0,0.0,0.0,117.0,82.0,99.5,35.0,0
USC00042319,"DEATH VALLEY NATIONAL PARK, CA US",36.46263,-116.8672,-59.1,2023-08-30,0.0,0.0,0.0,117.0,86.0,101.5,31.0,0
USC00042319,"DEATH VALLEY NATIONAL PARK, CA US",36.46263,-116.8672,-59.1,2023-08-31,0.0,0.0,0.0,117.0,81.0,99.0,36.0,0
USC00042319,"DEATH VALLEY NATIONAL PARK, CA US",36.46263,-116.8672,-59.1,2023-09-01,0.04,0.0,0.0,108.0,76.0,92.0,32.0,0
USC00042319,"DEATH VALLEY NATIONAL PARK, CA US",36.46263,-116.8672,-59.1,2023-09-02,0.13,0.0,0.0,100.0,78.0,89.0,22.0,0
USC00042319,"DEATH VALLEY NATIONAL PARK, CA US",36.46263,-116.8672,-59.1,2023-09-03,0.0,0.0,0.0,100.0,83.0,91.5,17.0,0
USC00042319,"DEATH VALLEY NATIONAL PARK, CA US",36.46263,-116.8672,-59.1,2023-09-04,0.0,0.0,0.0,100.0,78.0,89.0,22.0,0
USC00042319,"DEATH VALLEY NATIONAL PARK, CA US",36.46263,-116.8672,-59.1,2023-09-05,0.0,0.0,0.0,103.0,76.0,89.5,27.0,0
USC00042319,"DEATH VALLEY NATIONAL PARK, CA US",36.46263,-116.8672,-59.1,2023-09-06,0.0,0.0,0.0,105.0,80.0,92.5,25.0,0
USC00042319,"DEATH VALLEY NATIONAL PARK, CA US",36.46263,-116.8672,-59.1,2023-09-07,0.0,0.0,0.0,109.0,82.0,95.5,27.0,0
USC00042319,"DEATH VALLEY NATIONAL PARK, CA US",36.46263,-116.8672,-59.1,2023-09-08,0.0,0.0,0.0,111.0,83.0,97.0,28.0,0
USC00042319,"DEATH VALLEY NATIONAL PARK, CA US",36.46263,-116.8672,-59.1,2023-09-09,0.0,0.0,0.0,113.0,86.0,99.5,27.0,0
USC00042319,"DEATH VALLEY NATIONAL PARK, CA US",36.46263,-116.8672,-59.1,2023-09-10,0.0,0.0,0.0,98.0,85.0,91.5,13.0,0
USC00042319,"DEATH VALLEY NATIONAL PARK, CA US",36.46263,-116.8672,-59.1,2023-09-11,0.0,0.0,0.0,106.0,79.0,92.5,27.0,0
USC00042319,"DEATH VALLEY NATIONAL PARK, CA US",36.46263,-116.8672,-59.1,2023-09-12,0.0,0.0,0.0,107.0,85.0,96.0,22.0,0
USC00042319,"DEATH VALLEY NATIONAL PARK, CA US",36.46263,-116.8672,-59.1,2023-09-13,0.0,0.0,0.0,108.0,84.0,96.0,24.0,0
USC00042319,"DEATH VALLEY NATIONAL PARK, CA US",36.46263,-116.8672,-59.1,2023-09-14,0.0,0.0,0.0,108.0,84.0,96.0,24.0,0
USC00042319,"DEATH VALLEY NATIONAL PARK, CA US",36.46263,-116.8672,-59.1,2023-09-15,0.0,0.0,0.0,109.0,85.0,97.0,24.0,0
USC00042319,"DEATH VALLEY NATIONAL PARK, CA US",36.46263,-116.8672,-59.1,2023-09-16,0.0,0.0,0.0,108.0,81.0,94.5,27.0,0
USC00042319,"DEATH VALLEY NATIONAL PARK, CA US",36.46263,-116.8672,-59.1,2023-09-17,0.0,0.0,0.0,108.0,82.0,95.0,26.0,0
USC00042319,"DEATH VALLEY NATIONAL PARK, CA US",36.46263,-116.8672,-59.1,2023-09-18,0.0,0.0,0.0,105.0,82.0,93.5,23.0,0
USC00042319,"DEATH VALLEY NATIONAL PARK, CA US",36.46263,-116.8672,-59.1,2023-09-19,0.0,0.0,0.0,104.0,78.0,91.0,26.0,0
USC00042319,"DEATH VALLEY NATIONAL PARK, CA US",36.46263,-116.8672,-59.1,2023-09-20,0.0,0.0,0.0,102.0,75.0,88.5,27.0,0
USC00042319,"DEATH VALLEY NATIONAL PARK, CA US",36.46263,-116.8672,-59.1,2023-09-21,0.0,0.0,0.0,100.0,79.0,89.5,21.0,0
USC00042319,"DEATH VALLEY NATIONAL PARK, CA US",36.46263,-116.8672,-59.1,2023-09-22,0.0,0.0,0.0,96.0,75.0,85.5,21.0,0
USC00042319,"DEATH VALLEY NATIONAL PARK, CA US",36.46263,-116.8672,-59.1,2023-09-23,0.0,0.0,0.0,98.0,73.0,85.5,25.0,0
USC00042319,"DEATH VALLEY NATIONAL PARK, CA US",36.46263,-116.8672,-59.1,2023-09-24,0.0,0.0,0.0,102.0,70.0,86.0,32.0,0
USC00042319,"DEATH VALLEY NATIONAL PARK, CA US",36.46263,-116.8672,-59.1,2023-09-25,0.0,0.0,0.0,103.0,72.0,87.5,31.0,0
USC00042319,"DEATH VALLEY NATIONAL PARK, CA US",36.46263,-116.8672,-59.1,2023-09-26,0.0,0.0,0.0,102.0,71.0,86.5,31.0,0
USC00042319,"DEATH VALLEY NATIONAL PARK, CA US",36.46263,-116.8672,-59.1,2023-09-27,0.0,0.0,0.0,102.0,70.0,86.0,32.0,0
USC00042319,"DEATH VALLEY NATIONAL PARK, CA US",36.46263,-116.8672,-59.1,2023-09-28,0.0,0.0,0.0,102.0,72.0,87.0,30.0,0
USC00042319,"DEATH VALLEY NATIONAL PARK, CA US",36.46263,-116.8672,-59.1,2023-09-29,0.0,0.0,0.0,101.0,77.0,89.0,24.0,1
USC00042319,"DEATH VALLEY NATIONAL PARK, CA US",36.46263,-116.8672,-59.1,2023-09-30,0.09,0.0,0.0,85.0,67.0,76.0,18.0,0
USC00042319,"DEATH VALLEY NATIONAL PARK, CA US",36.46263,-116.8672,-59.1,2023-10-01,0.0,0.0,0.0,85.0,66.0,75.5,19.0,0
USC00042319,"DEATH VALLEY NATIONAL PARK, CA US",36.46263,-116.8672,-59.1,2023-10-02,0.0,0.0,0.0,89.0,67.0,78.0,22.0,0
USC00042319,"DEATH VALLEY NATIONAL PARK, CA US",36.46263,-116.8672,-59.1,2023-10-03,0.0,0.0,0.0,91.0,70.0,80.5,21.0,0
USC00042319,"DEATH VALLEY NATIONAL PARK, CA US",36.46263,-116.8672,-59.1,2023-10-04,0.0,0.0,0.0,97.0,75.0,86.0,22.0,0
USC00042319,"DEATH VALLEY NATIONAL PARK, CA US",36.46263,-116.8672,-59.1,2023-10-05,0.0,0.0,0.0,100.0,75.0,87.5,25.0,0
USC00042319,"DEATH VALLEY NATIONAL PARK, CA US",36.46263,-116.8672,-59.1,2023-10-06,0.0,0.0,0.0,103.0,77.0,90.0,26.0,0
USC00042319,"DEATH VALLEY NATIONAL PARK, CA US",36.46263,-116.8672,-59.1,2023-10-07,0.0,0.0,0.0,105.0,75.0,90.0,30.0,0
USC00042319,"DEATH VALLEY NATIONAL PARK, CA US",36.46263,-116.8672,-59.1,2023-10-08,0.0,0.0,0.0,104.0,72.0,88.0,32.0,0
USC00042319,"DEATH VALLEY NATIONAL PARK, CA US",36.46263,-116.8672,-59.1,2023-10-09,0.0,0.0,0.0,100.0,70.0,85.0,30.0,0
USC00042319,"DEATH VALLEY NATIONAL PARK, CA US",36.46263,-116.8672,-59.1,2023-10-10,0.0,0.0,0.0,99.0,73.0,86.0,26.0,0
USC00042319,"DEATH VALLEY NATIONAL PARK, CA US",36.46263,-116.8672,-59.1,2023-10-11,0.0,0.0,0.0,95.0,74.0,84.5,21.0,0
USC00042319,"DEATH VALLEY NATIONAL PARK, CA US",36.46263,-116.8672,-59.1,2023-10-12,0.0,0.0,0.0,90.0,70.0,80.0,20.0,0
USC00042319,"DEATH VALLEY NATIONAL PARK, CA US",36.46263,-116.8672,-59.1,2023-10-13,0.0,0.0,0.0,91.0,63.0,77.0,28.0,0
USC00042319,"DEATH VALLEY NATIONAL PARK, CA US",36.46263,-116.8672,-59.1,2023-10-14,0.0,0.0,0.0,91.0,60.0,75.5,31.0,0
USC00042319,"DEATH VALLEY NATIONAL PARK, CA US",36.46263,-116.8672,-59.1,2023-10-15,0.0,0.0,0.0,96.0,61.0,78.5,35.0,0
USC00042319,"DEATH VALLEY NATIONAL PARK, CA US",36.46263,-116.8672,-59.1,2023-10-16,0.0,0.0,0.0,96.0,64.0,80.0,32.0,0
USC00042319,"DEATH VALLEY NATIONAL PARK, CA US",36.46263,-116.8672,-59.1,2023-10-17,0.0,0.0,0.0,98.0,63.0,80.5,35.0,0
USC00042319,"DEATH VALLEY NATIONAL PARK, CA US",36.46263,-116.8672,-59.1,2023-10-18,0.0,0.0,0.0,102.0,65.0,83.5,37.0,0
USC00042319,"DEATH VALLEY NATIONAL PARK, CA US",36.46263,-116.8672,-59.1,2023-10-19,0.0,0.0,0.0,101.0,66.0,83.5,35.0,0
USC00042319,"DEATH VALLEY NATIONAL PARK, CA US",36.46263,-116.8672,-59.1,2023-10-20,0.0,0.0,0.0,101.0,67.0,84.0,34.0,0
USC00042319,"DEATH VALLEY NATIONAL PARK, CA US",36.46263,-116.8672,-59.1,2023-10-21,0.0,0.0,0.0,101.0,67.0,84.0,34.0,0
USC00042319,"DEATH VALLEY NATIONAL PARK, CA US",36.46263,-116.8672,-59.1,2023-10-22,0.0,0.0,0.0,96.0,68.0,82.0,28.0,0
USC00042319,"DEATH VALLEY NATIONAL PARK, CA US",36.46263,-116.8672,-59.1,2023-10-23,0.0,0.0,0.0,93.0,68.0,80.5,25.0,0
USC00042319,"DEATH VALLEY NATIONAL PARK, CA US",36.46263,-116.8672,-59.1,2023-10-24,0.0,0.0,0.0,92.0,68.0,80.0,24.0,0
USC00042319,"DEATH VALLEY NATIONAL PARK, CA US",36.46263,-116.8672,-59.1,2023-10-25,0.0,0.0,0.0,92.0,65.0,78.5,27.0,0
USC00042319,"DEATH VALLEY NATIONAL PARK, CA US",36.46263,-116.8672,-59.1,2023-10-26,0.0,0.0,0.0,86.0,71.0,78.5,15.0,0
USC00042319,"DEATH VALLEY NATIONAL PARK, CA US",36.46263,-116.8672,-59.1,2023-10-27,0.0,0.0,0.0,81.0,60.0,70.5,21.0,0
USC00042319,"DEATH VALLEY NATIONAL PARK, CA US",36.46263,-116.8672,-59.1,2023-10-28,0.0,0.0,0.0,86.0,56.0,71.0,30.0,0
USC00042319,"DEATH VALLEY NATIONAL PARK, CA US",36.46263,-116.8672,-59.1,2023-10-29,0.0,0.0,0.0,76.0,59.0,67.5,17.0,0
USC00042319,"DEATH VALLEY NATIONAL PARK, CA US",36.46263,-116.8672,-59.1,2023-10-30,0.0,0.0,0.0,81.0,59.0,70.0,22.0,0
USC00042319,"DEATH VALLEY NATIONAL PARK, CA US",36.46263,-116.8672,-59.1,2023-10-31,0.0,0.0,0.0,85.0,52.0,68.5,33.0,0
USC00042319,"DEATH VALLEY NATIONAL PARK, CA US",36.46263,-116.8672,-59.1,2023-11-01,0.0,0.0,0.0,82.0,49.0,65.5,33.0,0
USC00042319,"DEATH VALLEY NATIONAL PARK, CA US",36.46263,-116.8672,-59.1,2023-11-02,0.0,0.0,0.0,83.0,51.0,67.0,32.0,0
USC00042319,"DEATH VALLEY NATIONAL PARK, CA US",36.46263,-116.8672,-59.1,2023-11-03,0.0,0.0,0.0,83.0,50.0,66.5,33.0,0
USC00042319,"DEATH VALLEY NATIONAL PARK, CA US",36.46263,-116.8672,-59.1,2023-11-04,0.0,0.0,0.0,83.0,50.0,66.5,33.0,0
USC00042319,"DEATH VALLEY NATIONAL PARK, CA US",36.46263,-116.8672,-59.1,2023-11-05,0.0,0.0,0.0,80.0,52.0,66.0,28.0,0
USC00042319,"DEATH VALLEY NATIONAL PARK, CA US",36.46263,-116.8672,-59.1,2023-11-06,0.0,0.0,0.0,87.0,51.0,69.0,36.0,0
USC00042319,"DEATH VALLEY NATIONAL PARK, CA US",36.46263,-116.8672,-59.1,2023-11-07,0.0,0.0,0.0,84.0,65.0,74.5,19.0,0
USC00042319,"DEATH VALLEY NATIONAL PARK, CA US",36.46263,-116.8672,-59.1,2023-11-08,0.0,0.0,0.0,78.0,64.0,71.0,14.0,0
USC00042319,"DEATH VALLEY NATIONAL PARK, CA US",36.46263,-116.8672,-59.1,2023-11-09,0.0,0.0,0.0,78.0,55.0,66.5,23.0,0
USC00042319,"DEATH VALLEY NATIONAL PARK, CA US",36.46263,-116.8672,-59.1,2023-11-10,0.0,0.0,0.0,75.0,47.0,61.0,28.0,0
USC00042319,"DEATH VALLEY NATIONAL PARK, CA US",36.46263,-116.8672,-59.1,2023-11-11,0.0,0.0,0.0,75.0,45.0,60.0,30.0,0
USC00042319,"DEATH VALLEY NATIONAL PARK, CA US",36.46263,-116.8672,-59.1,2023-11-12,0.0,0.0,0.0,76.0,47.0,61.5,29.0,0
USC00042319,"DEATH VALLEY NATIONAL PARK, CA US",36.46263,-116.8672,-59.1,2023-11-13,0.0,0.0,0.0,75.0,47.0,61.0,28.0,0
USC00042319,"DEATH VALLEY NATIONAL PARK, CA US",36.46263,-116.8672,-59.1,2023-11-14,0.0,0.0,0.0,76.0,46.0,61.0,30.0,0
USC00042319,"DEATH VALLEY NATIONAL PARK, CA US",36.46263,-116.8672,-59.1,2023-11-15,0.01,0.0,0.0,69.0,49.0,59.0,20.0,0
USC00042319,"DEATH VALLEY NATIONAL PARK, CA US",36.46263,-116.8672,-59.1,2023-11-16,0.0,0.0,0.0,74.0,55.0,64.5,19.0,0
USC00042319,"DEATH VALLEY NATIONAL PARK, CA US",36.46263,-116.8672,-59.1,2023-11-17,0.0,0.0,0.0,76.0,50.0,63.0,26.0,0
USC00042319,"DEATH VALLEY NATIONAL PARK, CA US",36.46263,-116.8672,-59.1,2023-11-18,0.0,0.0,0.0,80.0,55.0,67.5,25.0,0
USC00042319,"DEATH VALLEY NATIONAL PARK, CA US",36.46263,-116.8672,-59.1,2023-11-19,0.0,0.0,0.0,80.0,56.0,68.0,24.0,0
USC00042319,"DEATH VALLEY NATIONAL PARK, CA US",36.46263,-116.8672,-59.1,2023-11-20,0.0,0.0,0.0,73.0,58.0,65.5,15.0,0
USC00042319,"DEATH VALLEY NATIONAL PARK, CA US",36.46263,-116.8672,-59.1,2023-11-21,0.0,0.0,0.0,76.0,53.0,64.5,23.0,0
USC00042319,"DEATH VALLEY NATIONAL PARK, CA US",36.46263,-116.8672,-59.1,2023-11-22,0.0,0.0,0.0,72.0,45.0,58.5,27.0,0
USC00042319,"DEATH VALLEY NATIONAL PARK, CA US",36.46263,-116.8672,-59.1,2023-11-23,0.0,0.0,0.0,72.0,49.0,60.5,23.0,0
USC00042319,"DEATH VALLEY NATIONAL PARK, CA US",36.46263,-116.8672,-59.1,2023-11-24,0.0,0.0,0.0,72.0,59.0,65.5,13.0,0
USC00042319,"DEATH VALLEY NATIONAL PARK, CA US",36.46263,-116.8672,-59.1,2023-11-25,0.0,0.0,0.0,66.0,53.0,59.5,13.0,0
USC00042319,"DEATH VALLEY NATIONAL PARK, CA US",36.46263,-116.8672,-59.1,2023-11-26,0.0,0.0,0.0,66.0,51.0,58.5,15.0,0
USC00042319,"DEATH VALLEY NATIONAL PARK, CA US",36.46263,-116.8672,-59.1,2023-11-27,0.0,0.0,0.0,71.0,46.0,58.5,25.0,0
USC00042319,"DEATH VALLEY NATIONAL PARK, CA US",36.46263,-116.8672,-59.1,2023-11-28,0.0,0.0,0.0,69.0,42.0,55.5,27.0,0
USC00042319,"DEATH VALLEY NATIONAL PARK, CA US",36.46263,-116.8672,-59.1,2023-11-29,0.0,0.0,0.0,67.0,41.0,54.0,26.0,0
USC00042319,"DEATH VALLEY NATIONAL PARK, CA US",36.46263,-116.8672,-59.1,2023-11-30,0.0,0.0,0.0,63.0,40.0,51.5,23.0,0
USC00042319,"DEATH VALLEY NATIONAL PARK, CA US",36.46263,-116.8672,-59.1,2023-12-01,0.0,0.0,0.0,67.0,40.0,53.5,27.0,0
USC00042319,"DEATH VALLEY NATIONAL PARK, CA US",36.46263,-116.8672,-59.1,2023-12-02,0.0,0.0,0.0,65.0,40.0,52.5,25.0,0
USC00042319,"DEATH VALLEY NATIONAL PARK, CA US",36.46263,-116.8672,-59.1,2023-12-03,0.0,0.0,0.0,66.0,41.0,53.5,25.0,0
USC00042319,"DEATH VALLEY NATIONAL PARK, CA US",36.46263,-116.8672,-59.1,2023-12-04,0.0,0.0,0.0,70.0,45.0,57.5,25.0,0
USC00042319,"DEATH VALLEY NATIONAL PARK, CA US",36.46263,-116.8672,-59.1,2023-12-05,0.0,0.0,0.0,73.0,42.0,57.5,31.0,0
USC00042319,"DEATH VALLEY NATIONAL PARK, CA US",36.46263,-116.8672,-59.1,2023-12-06,0.0,0.0,0.0,69.0,44.0,56.5,25.0,0
USC00042319,"DEATH VALLEY NATIONAL PARK, CA US",36.46263,-116.8672,-59.1,2023-12-07,0.0,0.0,0.0,74.0,49.0,61.5,25.0,0
USC00042319,"DEATH VALLEY NATIONAL PARK, CA US",36.46263,-116.8672,-59.1,2023-12-08,0.0,0.0,0.0,70.0,48.0,59.0,22.0,0
USC00042319,"DEATH VALLEY NATIONAL PARK, CA US",36.46263,-116.8672,-59.1,2023-12-09,0.0,0.0,0.0,65.0,47.0,56.0,18.0,0
USC00042319,"DEATH VALLEY NATIONAL PARK, CA US",36.46263,-116.8672,-59.1,2023-12-10,0.0,0.0,0.0,69.0,42.0,55.5,27.0,0
USC00042319,"DEATH VALLEY NATIONAL PARK, CA US",36.46263,-116.8672,-59.1,2023-12-11,0.0,0.0,0.0,65.0,39.0,52.0,26.0,0
USC00042319,"DEATH VALLEY NATIONAL PARK, CA US",36.46263,-116.8672,-59.1,2023-12-12,0.0,0.0,0.0,64.0,42.0,53.0,22.0,0
USC00042319,"DEATH VALLEY NATIONAL PARK, CA US",36.46263,-116.8672,-59.1,2023-12-13,0.0,0.0,0.0,72.0,55.0,63.5,17.0,0
USC00042319,"DEATH VALLEY NATIONAL PARK, CA US",36.46263,-116.8672,-59.1,2023-12-14,0.0,0.0,0.0,69.0,43.0,56.0,26.0,0
USC00042319,"DEATH VALLEY NATIONAL PARK, CA US",36.46263,-116.8672,-59.1,2023-12-15,0.0,0.0,0.0,67.0,43.0,55.0,24.0,0
USC00042319,"DEATH VALLEY NATIONAL PARK, CA US",36.46263,-116.8672,-59.1,2023-12-16,0.0,0.0,0.0,68.0,40.0,54.0,28.0,0
USC00042319,"DEATH VALLEY NATIONAL PARK, CA US",36.46263,-116.8672,-59.1,2023-12-17,0.0,0.0,0.0,62.0,39.0,50.5,23.0,0
USC00042319,"DEATH VALLEY NATIONAL PARK, CA US",36.46263,-116.8672,-59.1,2023-12-18,0.0,0.0,0.0,69.0,45.0,57.0,24.0,0
USC00042319,"DEATH VALLEY NATIONAL PARK, CA US",36.46263,-116.8672,-59.1,2023-12-19,0.0,0.0,0.0,69.0,45.0,57.0,24.0,0
USC00042319,"DEATH VALLEY NATIONAL PARK, CA US",36.46263,-116.8672,-59.1,2023-12-20,0.0,0.0,0.0,74.0,50.0,62.0,24.0,0
USC00042319,"DEATH VALLEY NATIONAL PARK, CA US",36.46263,-116.8672,-59.1,2023-12-21,0.13,0.0,0.0,72.0,56.0,64.0,16.0,0
USC00042319,"DEATH VALLEY NATIONAL PARK, CA US",36.46263,-116.8672,-59.1,2023-12-22,0.14,0.0,0.0,64.0,53.0,58.5,11.0,0
USC00042319,"DEATH VALLEY NATIONAL PARK, CA US",36.46263,-116.8672,-59.1,2023-12-23,0.0,0.0,0.0,67.0,47.0,57.0,20.0,0
USC00042319,"DEATH VALLEY NATIONAL PARK, CA US",36.46263,-116.8672,-59.1,2023-12-24,0.0,0.0,0.0,70.0,43.0,56.5,27.0,0
USC00042319,"DEATH VALLEY NATIONAL PARK, CA US",36.46263,-116.8672,-59.1,2023-12-25,0.0,0.0,0.0,65.0,41.0,53.0,24.0,0
USC00042319,"DEATH VALLEY NATIONAL PARK, CA US",36.46263,-116.8672,-59.1,2023-12-26,0.0,0.0,0.0,66.0,45.0,55.5,21.0,0
USC00042319,"DEATH VALLEY NATIONAL PARK, CA US",36.46263,-116.8672,-59.1,2023-12-27,0.0,0.0,0.0,63.0,45.0,54.0,18.0,0
USC00042319,"DEATH VALLEY NATIONAL PARK, CA US",36.46263,-116.8672,-59.1,2023-12-28,0.0,0.0,0.0,69.0,43.0,56.0,26.0,0
USC00042319,"DEATH VALLEY NATIONAL PARK, CA US",36.46263,-116.8672,-59.1,2023-12-29,0.0,0.0,0.0,68.0,43.0,55.5,25.0,0
USC00042319,"DEATH VALLEY NATIONAL PARK, CA US",36.46263,-116.8672,-59.1,2023-12-30,0.01,0.0,0.0,61.0,41.0,51.0,20.0,0
USC00042319,"DEATH VALLEY NATIONAL PARK, CA US",36.46263,-116.8672,-59.1,2024-01-01,0.0,0.0,0.0,66.0,44.0,55.0,22.0,0
USC00042319,"DEATH VALLEY NATIONAL PARK, CA US",36.46263,-116.8672,-59.1,2024-01-02,0.0,0.0,0.0,62.0,41.0,51.5,21.0,0
USC00042319,"DEATH VALLEY NATIONAL PARK, CA US",36.46263,-116.8672,-59.1,2024-01-03,0.12,0.0,0.0,69.0,44.0,56.5,25.0,0
USC00042319,"DEATH VALLEY NATIONAL PARK, CA US",36.46263,-116.8672,-59.1,2024-01-04,0.0,0.0,0.0,71.0,42.0,56.5,29.0,0
USC00042319,"DEATH VALLEY NATIONAL PARK, CA US",36.46263,-116.8672,-59.1,2024-01-05,0.0,0.0,0.0,70.0,47.0,58.5,23.0,0
USC00042319,"DEATH VALLEY NATIONAL PARK, CA US",36.46263,-116.8672,-59.1,2024-01-06,0.0,0.0,0.0,61.0,44.0,52.5,17.0,0
USC00042319,"DEATH VALLEY NATIONAL PARK, CA US",36.46263,-116.8672,-59.1,2024-01-07,0.0,0.0,0.0,62.0,48.0,55.0,14.0,0
USC00042319,"DEATH VALLEY NATIONAL PARK, CA US",36.46263,-116.8672,-59.1,2024-01-08,0.0,0.0,0.0,63.0,46.0,54.5,17.0,0
USC00042319,"DEATH VALLEY NATIONAL PARK, CA US",36.46263,-116.8672,-59.1,2024-01-09,0.0,0.0,0.0,53.0,37.0,45.0,16.0,0
USC00042319,"DEATH VALLEY NATIONAL PARK, CA US",36.46263,-116.8672,-59.1,2024-01-10,0.0,0.0,0.0,69.0,44.0,56.5,25.0,0
USC00042319,"DEATH VALLEY NATIONAL PARK, CA US",36.46263,-116.8672,-59.1,2024-01-11,0.0,0.0,0.0,62.0,38.0,50.0,24.0,0
USC00042319,"DEATH VALLEY NATIONAL PARK, CA US",36.46263,-116.8672,-59.1,2024-01-12,0.0,0.0,0.0,55.0,35.0,45.0,20.0,0
USC00042319,"DEATH VALLEY NATIONAL PARK, CA US",36.46263,-116.8672,-59.1,2024-01-13,0.0,0.0,0.0,59.0,32.0,45.5,27.0,0
USC00042319,"DEATH VALLEY NATIONAL PARK, CA US",36.46263,-116.8672,-59.1,2024-01-14,0.0,0.0,0.0,64.0,36.0,50.0,28.0,0
USC00042319,"DEATH VALLEY NATIONAL PARK, CA US",36.46263,-116.8672,-59.1,2024-01-15,0.0,0.0,0.0,59.0,37.0,48.0,22.0,0
USC00042319,"DEATH VALLEY NATIONAL PARK, CA US",36.46263,-116.8672,-59.1,2024-01-16,0.0,0.0,0.0,62.0,34.0,48.0,28.0,0
USC00042319,"DEATH VALLEY NATIONAL PARK, CA US",36.46263,-116.8672,-59.1,2024-01-17,0.0,0.0,0.0,62.0,40.0,51.0,22.0,0
USC00042319,"DEATH VALLEY NATIONAL PARK, CA US",36.46263,-116.8672,-59.1,2024-01-18,0.0,0.0,0.0,63.0,38.0,50.5,25.0,0
USC00042319,"DEATH VALLEY NATIONAL PARK, CA US",36.46263,-116.8672,-59.1,2024-01-19,0.0,0.0,0.0,68.0,43.0,55.5,25.0,0
USC00042319,"DEATH VALLEY NATIONAL PARK, CA US",36.46263,-116.8672,-59.1,2024-01-20,0.0,0.0,0.0,66.0,46.0,56.0,20.0,0
USC00042319,"DEATH VALLEY NATIONAL PARK, CA US",36.46263,-116.8672,-59.1,2024-01-21,0.0,0.0,0.0,68.0,53.0,60.5,15.0,0
USC00042319,"DEATH VALLEY NATIONAL PARK, CA US",36.46263,-116.8672,-59.1,2024-01-22,0.38,0.0,0.0,59.0,55.0,57.0,4.0,0
USC00042319,"DEATH VALLEY NATIONAL PARK, CA US",36.46263,-116.8672,-59.1,2024-01-23,0.03,0.0,0.0,69.0,53.0,61.0,16.0,0
USC00042319,"DEATH VALLEY NATIONAL PARK, CA US",36.46263,-116.8672,-59.1,2024-01-24,0.0,0.0,0.0,64.0,48.0,56.0,16.0,0
USC00042319,"DEATH VALLEY NATIONAL PARK, CA US",36.46263,-116.8672,-59.1,2024-01-25,0.0,0.0,0.0,70.0,48.0,59.0,22.0,0
USC00042319,"DEATH VALLEY NATIONAL PARK, CA US",36.46263,-116.8672,-59.1,2024-01-26,0.0,0.0,0.0,74.0,51.0,62.5,23.0,0
USC00042319,"DEATH VALLEY NATIONAL PARK, CA US",36.46263,-116.8672,-59.1,2024-01-27,0.0,0.0,0.0,71.0,46.0,58.5,25.0,0
USC00042319,"DEATH VALLEY NATIONAL PARK, CA US",36.46263,-116.8672,-59.1,2024-01-28,0.0,0.0,0.0,74.0,47.0,60.5,27.0,0
USC00042319,"DEATH VALLEY NATIONAL PARK, CA US",36.46263,-116.8672,-59.1,2024-01-29,0.0,0.0,0.0,76.0,49.0,62.5,27.0,0
USC00042319,"DEATH VALLEY NATIONAL PARK, CA US",36.46263,-116.8672,-59.1,2024-01-30,0.0,0.0,0.0,77.0,48.0,62.5,29.0,0
USC00042319,"DEATH VALLEY NATIONAL PARK, CA US",36.46263,-116.8672,-59.1,2024-01-31,0.0,0.0,0.0,73.0,50.0,61.5,23.0,0
USC00042319,"DEATH VALLEY NATIONAL PARK, CA US",36.46263,-116.8672,-59.1,2024-02-01,0.16,0.0,0.0,73.0,51.0,62.0,22.0,0
USC00042319,"DEATH VALLEY NATIONAL PARK, CA US",36.46263,-116.8672,-59.1,2024-02-02,0.0,0.0,0.0,67.0,50.0,58.5,17.0,0
USC00042319,"DEATH VALLEY NATIONAL PARK, CA US",36.46263,-116.8672,-59.1,2024-02-03,0.0,0.0,0.0,68.0,47.0,57.5,21.0,0
USC00042319,"DEATH VALLEY NATIONAL PARK, CA US",36.46263,-116.8672,-59.1,2024-02-04,0.37,0.0,0.0,58.0,52.0,55.0,6.0,0
USC00042319,"DEATH VALLEY NATIONAL PARK, CA US",36.46263,-116.8672,-59.1,2024-02-05,0.23,0.0,0.0,58.0,51.0,54.5,7.0,0
USC00042319,"DEATH VALLEY NATIONAL PARK, CA US",36.46263,-116.8672,-59.1,2024-02-06,0.61,0.0,0.0,58.0,51.0,54.5,7.0,0
USC00042319,"DEATH VALLEY NATIONAL PARK, CA US",36.46263,-116.8672,-59.1,2024-02-07,0.29,0.0,0.0,64.0,49.0,56.5,15.0,0
USC00042319,"DEATH VALLEY NATIONAL PARK, CA US",36.46263,-116.8672,-59.1,2024-02-08,0.0,0.0,0.0,62.0,48.0,55.0,14.0,0
USC00042319,"DEATH VALLEY NATIONAL PARK, CA US",36.46263,-116.8672,-59.1,2024-02-09,0.0,0.0,0.0,61.0,45.0,53.0,16.0,0
USC00042319,"DEATH VALLEY NATIONAL PARK, CA US",36.46263,-116.8672,-59.1,2024-02-10,0.0,0.0,0.0,66.0,49.0,57.5,17.0,0
USC00042319,"DEATH VALLEY NATIONAL PARK, CA US",36.46263,-116.8672,-59.1,2024-02-11,0.0,0.0,0.0,65.0,46.0,55.5,19.0,0
USC00042319,"DEATH VALLEY NATIONAL PARK, CA US",36.46263,-116.8672,-59.1,2024-02-12,0.0,0.0,0.0,65.0,42.0,53.5,23.0,0
USC00042319,"DEATH VALLEY NATIONAL PARK, CA US",36.46263,-116.8672,-59.1,2024-02-13,0.0,0.0,0.0,66.0,42.0,54.0,24.0,0
USC00042319,"DEATH VALLEY NATIONAL PARK, CA US",36.46263,-116.8672,-59.1,2024-02-14,0.0,0.0,0.0,66.0,45.0,55.5,21.0,0
USC00042319,"DEATH VALLEY NATIONAL PARK, CA US",36.46263,-116.8672,-59.1,2024-02-15,0.0,0.0,0.0,73.0,48.0,60.5,25.0,0
USC00042319,"DEATH VALLEY NATIONAL PARK, CA US",36.46263,-116.8672,-59.1,2024-02-16,0.0,0.0,0.0,71.0,48.0,59.5,23.0,0
USC00042319,"DEATH VALLEY NATIONAL PARK, CA US",36.46263,-116.8672,-59.1,2024-02-17,0.0,0.0,0.0,74.0,52.0,63.0,22.0,0
USC00042319,"DEATH VALLEY NATIONAL PARK, CA US",36.46263,-116.8672,-59.1,2024-02-18,0.0,0.0,0.0,75.0,56.0,65.5,19.0,0
USC00042319,"DEATH VALLEY NATIONAL PARK, CA US",36.46263,-116.8672,-59.1,2024-02-19,0.0,0.0,0.0,76.0,60.0,68.0,16.0,0
USC00042319,"DEATH VALLEY NATIONAL PARK, CA US",36.46263,-116.8672,-59.1,2024-02-20,0.0,0.0,0.0,72.0,60.0,66.0,12.0,0
USC00042319,"DEATH VALLEY NATIONAL PARK, CA US",36.46263,-116.8672,-59.1,2024-02-21,0.0,0.0,0.0,74.0,53.0,63.5,21.0,0
USC00042319,"DEATH VALLEY NATIONAL PARK, CA US",36.46263,-116.8672,-59.1,2024-02-22,0.0,0.0,0.0,75.0,52.0,63.5,23.0,0
USC00042319,"DEATH VALLEY NATIONAL PARK, CA US",36.46263,-116.8672,-59.1,2024-02-23,0.0,0.0,0.0,78.0,53.0,65.5,25.0,0
USC00042319,"DEATH VALLEY NATIONAL PARK, CA US",36.46263,-116.8672,-59.1,2024-02-24,0.0,0.0,0.0,78.0,54.0,66.0,24.0,0
USC00042319,"DEATH VALLEY NATIONAL PARK, CA US",36.46263,-116.8672,-59.1,2024-02-25,0.0,0.0,0.0,77.0,51.0,64.0,26.0,0
USC00042319,"DEATH VALLEY NATIONAL PARK, CA US",36.46263,-116.8672,-59.1,2024-02-26,0.0,0.0,0.0,78.0,54.0,66.0,24.0,0
USC00042319,"DEATH VALLEY NATIONAL PARK, CA US",36.46263,-116.8672,-59.1,2024-02-27,0.0,0.0,0.0,78.0,58.0,68.0,20.0,0
USC00042319,"DEATH VALLEY NATIONAL PARK, CA US",36.46263,-116.8672,-59.1,2024-02-28,0.0,0.0,0.0,79.0,56.0,67.5,23.0,0
USC00042319,"DEATH VALLEY NATIONAL PARK, CA US",36.46263,-116.8672,-59.1,2024-02-29,0.0,0.0,0.0,81.0,50.0,65.5,31.0,0
USC00042319,"DEATH VALLEY NATIONAL PARK, CA US",36.46263,-116.8672,-59.1,2024-03-01,0.0,0.0,0.0,78.0,62.0,70.0,16.0,0
USC00042319,"DEATH VALLEY NATIONAL PARK, CA US",36.46263,-116.8672,-59.1,2024-03-02,0.0,0.0,0.0,76.0,63.0,69.5,13.0,0
USC00042319,"DEATH VALLEY NATIONAL PARK, CA US",36.46263,-116.8672,-59.1,2024-03-03,0.0,0.0,0.0,76.0,59.0,67.5,17.0,0
USC00042319,"DEATH VALLEY NATIONAL PARK, CA US",36.46263,-116.8672,-59.1,2024-03-04,0.0,0.0,0.0,74.0,56.0,65.0,18.0,0
USC00042319,"DEATH VALLEY NATIONAL PARK, CA US",36.46263,-116.8672,-59.1,2024-03-05,0.0,0.0,0.0,74.0,53.0,63.5,21.0,0
USC00042319,"DEATH VALLEY NATIONAL PARK, CA US",36.46263,-116.8672,-59.1,2024-03-06,0.0,0.0,0.0,77.0,50.0,63.5,27.0,0
USC00042319,"DEATH VALLEY NATIONAL PARK, CA US",36.46263,-116.8672,-59.1,2024-03-07,0.0,0.0,0.0,79.0,61.0,70.0,18.0,0
USC00042319,"DEATH VALLEY NATIONAL PARK, CA US",36.46263,-116.8672,-59.1,2024-03-08,0.0,0.0,0.0,80.0,60.0,70.0,20.0,0
USC00042319,"DEATH VALLEY NATIONAL PARK, CA US",36.46263,-116.8672,-59.1,2024-03-09,0.0,0.0,0.0,76.0,49.0,62.5,27.0,0
USC00042319,"DEATH VALLEY NATIONAL PARK, CA US",36.46263,-116.8672,-59.1,2024-03-10,0.0,0.0,0.0,73.0,50.0,61.5,23.0,0
USC00042319,"DEATH VALLEY NATIONAL PARK, CA US",36.46263,-116.8672,-59.1,2024-03-11,0.0,0.0,0.0,79.0,54.0,66.5,25.0,0
USC00042319,"DEATH VALLEY NATIONAL PARK, CA US",36.46263,-116.8672,-59.1,2024-03-12,0.0,0.0,0.0,77.0,63.0,70.0,14.0,0
USC00042319,"DEATH VALLEY NATIONAL PARK, CA US",36.46263,-116.8672,-59.1,2024-03-13,0.0,0.0,0.0,81.0,59.0,70.0,22.0,0
USC00042319,"DEATH VALLEY NATIONAL PARK, CA US",36.46263,-116.8672,-59.1,2024-03-14,0.0,0.0,0.0,77.0,57.0,67.0,20.0,0
USC00042319,"DEATH VALLEY NATIONAL PARK, CA US",36.46263,-116.8672,-59.1,2024-03-15,0.0,0.0,0.0,68.0,57.0,62.5,11.0,0
USC00042319,"DEATH VALLEY NATIONAL PARK, CA US",36.46263,-116.8672,-59.1,2024-03-16,0.22,0.0,0.0,66.0,53.0,59.5,13.0,0
USC00042319,"DEATH VALLEY NATIONAL PARK, CA US",36.46263,-116.8672,-59.1,2024-03-17,0.0,0.0,0.0,76.0,53.0,64.5,23.0,0
USC00042319,"DEATH VALLEY NATIONAL PARK, CA US",36.46263,-116.8672,-59.1,2024-03-18,0.0,0.0,0.0,90.0,54.0,72.0,36.0,0
USC00042319,"DEATH VALLEY NATIONAL PARK, CA US",36.46263,-116.8672,-59.1,2024-03-19,0.0,0.0,0.0,87.0,58.0,72.5,29.0,0
USC00042319,"DEATH VALLEY NATIONAL PARK, CA US",36.46263,-116.8672,-59.1,2024-03-20,0.0,0.0,0.0,88.0,57.0,72.5,31.0,0
USC00042319,"DEATH VALLEY NATIONAL PARK, CA US",36.46263,-116.8672,-59.1,2024-03-21,0.0,0.0,0.0,89.0,62.0,75.5,27.0,0
USC00042319,"DEATH VALLEY NATIONAL PARK, CA US",36.46263,-116.8672,-59.1,2024-03-22,0.0,0.0,0.0,88.0,69.0,78.5,19.0,0
USC00042319,"DEATH VALLEY NATIONAL PARK, CA US",36.46263,-116.8672,-59.1,2024-03-23,0.0,0.0,0.0,82.0,63.0,72.5,19.0,0
USC00042319,"DEATH VALLEY NATIONAL PARK, CA US",36.46263,-116.8672,-59.1,2024-03-24,0.0,0.0,0.0,73.0,58.0,65.5,15.0,0
USC00042319,"DEATH VALLEY NATIONAL PARK, CA US",36.46263,-116.8672,-59.1,2024-03-25,0.0,0.0,0.0,77.0,55.0,66.0,22.0,0
USC00042319,"DEATH VALLEY NATIONAL PARK, CA US",36.46263,-116.8672,-59.1,2024-03-26,0.0,0.0,0.0,81.0,60.0,70.5,21.0,0
USC00042319,"DEATH VALLEY NATIONAL PARK, CA US",36.46263,-116.8672,-59.1,2024-03-27,0.0,0.0,0.0,85.0,57.0,71.0,28.0,0
USC00042319,"DEATH VALLEY NATIONAL PARK, CA US",36.46263,-116.8672,-59.1,2024-03-28,0.0,0.0,0.0,87.0,68.0,77.5,19.0,0
USC00042319,"DEATH VALLEY NATIONAL PARK, CA US",36.46263,-116.8672,-59.1,2024-03-29,0.0,0.0,0.0,80.0,63.0,71.5,17.0,1
USC00042319,"DEATH VALLEY NATIONAL PARK, CA US",36.46263,-116.8672,-59.1,2024-03-30,0.19,0.0,0.0,65.0,54.0,59.5,11.0,0
USC00042319,"DEATH VALLEY NATIONAL PARK, CA US",36.46263,-116.8672,-59.1,2024-03-31,0.12,0.0,0.0,74.0,49.0,61.5,25.0,0
USC00042319,"DEATH VALLEY NATIONAL PARK, CA US",36.46263,-116.8672,-59.1,2024-04-01,0.02,0.0,0.0,81.0,52.0,66.5,29.0,0
USC00042319,"DEATH VALLEY NATIONAL PARK, CA US",36.46263,-116.8672,-59.1,2024-04-02,0.0,0.0,0.0,88.0,64.0,76.0,24.0,0
USC00042319,"DEATH VALLEY NATIONAL PARK, CA US",36.46263,-116.8672,-59.1,2024-04-03,0.0,0.0,0.0,89.0,58.0,73.5,31.0,0
USC00042319,"DEATH VALLEY NATIONAL PARK, CA US",36.46263,-116.8672,-59.1,2024-04-04,0.0,0.0,0.0,85.0,59.0,72.0,26.0,0
USC00042319,"DEATH VALLEY NATIONAL PARK, CA US",36.46263,-116.8672,-59.1,2024-04-05,0.0,0.0,0.0,70.0,54.0,62.0,16.0,0
USC00042319,"DEATH VALLEY NATIONAL PARK, CA US",36.46263,-116.8672,-59.1,2024-04-06,0.0,0.0,0.0,73.0,51.0,62.0,22.0,0
USC00042319,"DEATH VALLEY NATIONAL PARK, CA US",36.46263,-116.8672,-59.1,2024-04-07,0.0,0.0,0.0,73.0,51.0,62.0,22.0,0
USC00042319,"DEATH VALLEY NATIONAL PARK, CA US",36.46263,-116.8672,-59.1,2024-04-08,0.0,0.0,0.0,85.0,63.0,74.0,22.0,0
USC00042319,"DEATH VALLEY NATIONAL PARK, CA US",36.46263,-116.8672,-59.1,2024-04-09,0.0,0.0,0.0,89.0,65.0,77.0,24.0,0
USC00042319,"DEATH VALLEY NATIONAL PARK, CA US",36.46263,-116.8672,-59.1,2024-04-10,0.0,0.0,0.0,93.0,59.0,76.0,34.0,0
USC00042319,"DEATH VALLEY NATIONAL PARK, CA US",36.46263,-116.8672,-59.1,2024-04-11,0.0,0.0,0.0,96.0,65.0,80.5,31.0,0
USC00042319,"DEATH VALLEY NATIONAL PARK, CA US",36.46263,-116.8672,-59.1,2024-04-12,0.0,0.0,0.0,98.0,65.0,81.5,33.0,0
USC00042319,"DEATH VALLEY NATIONAL PARK, CA US",36.46263,-116.8672,-59.1,2024-04-13,0.0,0.0,0.0,86.0,68.0,77.0,18.0,0
USC00042319,"DEATH VALLEY NATIONAL PARK, CA US",36.46263,-116.8672,-59.1,2024-04-14,0.0,0.0,0.0,77.0,59.0,68.0,18.0,0
USC00042319,"DEATH VALLEY NATIONAL PARK, CA US",36.46263,-116.8672,-59.1,2024-04-15,0.0,0.0,0.0,82.0,53.0,67.5,29.0,0
USC00042319,"DEATH VALLEY NATIONAL PARK, CA US",36.46263,-116.8672,-59.1,2024-04-16,0.0,0.0,0.0,92.0,59.0,75.5,33.0,0
USC00042319,"DEATH VALLEY NATIONAL PARK, CA US",36.46263,-116.8672,-59.1,2024-04-17,0.0,0.0,0.0,96.0,67.0,81.5,29.0,0
USC00042319,"DEATH VALLEY NATIONAL PARK, CA US",36.46263,-116.8672,-59.1,2024-04-18,0.0,0.0,0.0,95.0,69.0,82.0,26.0,0
USC00042319,"DEATH VALLEY NATIONAL PARK, CA US",36.46263,-116.8672,-59.1,2024-04-19,0.0,0.0,0.0,97.0,71.0,84.0,26.0,0
USC00042319,"DEATH VALLEY NATIONAL PARK, CA US",36.46263,-116.8672,-59.1,2024-04-20,0.0,0.0,0.0,101.0,72.0,86.5,29.0,0
USC00042319,"DEATH VALLEY NATIONAL PARK, CA US",36.46263,-116.8672,-59.1,2024-04-21,0.0,0.0,0.0,103.0,71.0,87.0,32.0,0
USC00042319,"DEATH VALLEY NATIONAL PARK, CA US",36.46263,-116.8672,-59.1,2024-04-22,0.0,0.0,0.0,105.0,72.0,88.5,33.0,0
USC00042319,"DEATH VALLEY NATIONAL PARK, CA US",36.46263,-116.8672,-59.1,2024-04-23,0.0,0.0,0.0,99.0,79.0,89.0,20.0,0
USC00042319,"DEATH VALLEY NATIONAL PARK, CA US",36.46263,-116.8672,-59.1,2024-04-24,0.0,0.0,0.0,94.0,73.0,83.5,21.0,0
USC00042319,"DEATH VALLEY NATIONAL PARK, CA US",36.46263,-116.8672,-59.1,2024-04-25,0.0,0.0,0.0,92.0,71.0,81.5,21.0,1
USC00042319,"DEATH VALLEY NATIONAL PARK, CA US",36.46263,-116.8672,-59.1,2024-04-26,0.08,0.0,0.0,79.0,62.0,70.5,17.0,0
USC00042319,"DEATH VALLEY NATIONAL PARK, CA US",36.46263,-116.8672,-59.1,2024-04-27,0.0,0.0,0.0,91.0,65.0,78.0,26.0,0
USC00042319,"DEATH VALLEY NATIONAL PARK, CA US",36.46263,-116.8672,-59.1,2024-04-28,0.0,0.0,0.0,94.0,68.0,81.0,26.0,0
USC00042319,"DEATH VALLEY NATIONAL PARK, CA US",36.46263,-116.8672,-59.1,2024-04-29,0.0,0.0,0.0,95.0,75.0,85.0,20.0,0
USC00042319,"DEATH VALLEY NATIONAL PARK, CA US",36.46263,-116.8672,-59.1,2024-04-30,0.0,0.0,0.0,98.0,70.0,84.0,28.0,0
USC00042319,"DEATH VALLEY NATIONAL PARK, CA US",36.46263,-116.8672,-59.1,2024-05-01,0.0,0.0,0.0,96.0,76.0,86.0,20.0,0
USC00042319,"DEATH VALLEY NATIONAL PARK, CA US",36.46263,-116.8672,-59.1,2024-05-02,0.0,0.0,0.0,96.0,70.0,83.0,26.0,0
USC00042319,"DEATH VALLEY NATIONAL PARK, CA US",36.46263,-116.8672,-59.1,2024-05-03,0.0,0.0,0.0,99.0,70.0,84.5,29.0,0
USC00042319,"DEATH VALLEY NATIONAL PARK, CA US",36.46263,-116.8672,-59.1,2024-05-04,0.0,0.0,0.0,93.0,71.0,82.0,22.0,0
USC00042319,"DEATH VALLEY NATIONAL PARK, CA US",36.46263,-116.8672,-59.1,2024-05-05,0.0,0.0,0.0,83.0,66.0,74.5,17.0,0
USC00042319,"DEATH VALLEY NATIONAL PARK, CA US",36.46263,-116.8672,-59.1,2024-05-06,0.0,0.0,0.0,88.0,58.0,73.0,30.0,0
USC00042319,"DEATH VALLEY NATIONAL PARK, CA US",36.46263,-116.8672,-59.1,2024-05-07,0.0,0.0,0.0,96.0,63.0,79.5,33.0,0
USC00042319,"DEATH VALLEY NATIONAL PARK, CA US",36.46263,-116.8672,-59.1,2024-05-08,0.0,0.0,0.0,87.0,69.0,78.0,18.0,0
USC00042319,"DEATH VALLEY NATIONAL PARK, CA US",36.46263,-116.8672,-59.1,2024-05-09,0.0,0.0,0.0,94.0,68.0,81.0,26.0,0
USC00042319,"DEATH VALLEY NATIONAL PARK, CA US",36.46263,-116.8672,-59.1,2024-05-10,0.0,0.0,0.0,93.0,71.0,82.0,22.0,0
USC00042319,"DEATH VALLEY NATIONAL PARK, CA US",36.46263,-116.8672,-59.1,2024-05-11,0.0,0.0,0.0,100.0,71.0,85.5,29.0,0
USC00042319,"DEATH VALLEY NATIONAL PARK, CA US",36.46263,-116.8672,-59.1,2024-05-12,0.0,0.0,0.0,105.0,75.0,90.0,30.0,0
USC00042319,"DEATH VALLEY NATIONAL PARK, CA US",36.46263,-116.8672,-59.1,2024-05-15,0.0,0.0,0.0,108.0,80.0,94.0,28.0,0
USC00042319,"DEATH VALLEY NATIONAL PARK, CA US",36.46263,-116.8672,-59.1,2024-05-16,0.0,0.0,0.0,110.0,83.0,96.5,27.0,0
USC00042319,"DEATH VALLEY NATIONAL PARK, CA US",36.46263,-116.8672,-59.1,2024-05-17,0.0,0.0,0.0,109.0,86.0,97.5,23.0,0
USC00042319,"DEATH VALLEY NATIONAL PARK, CA US",36.46263,-116.8672,-59.1,2024-05-18,0.0,0.0,0.0,105.0,86.0,95.5,19.0,0
USC00042319,"DEATH VALLEY NATIONAL PARK, CA US",36.46263,-116.8672,-59.1,2024-05-19,0.0,0.0,0.0,104.0,82.0,93.0,22.0,0
USC00042319,"DEATH VALLEY NATIONAL PARK, CA US",36.46263,-116.8672,-59.1,2024-05-20,0.0,0.0,0.0,100.0,80.0,90.0,20.0,0
USC00042319,"DEATH VALLEY NATIONAL PARK, CA US",36.46263,-116.8672,-59.1,2024-05-21,0.0,0.0,0.0,96.0,78.0,87.0,18.0,0
